first,last,age,gender,birthday,city,state
Amelia,Craig,58,Female,3/1/1995,Sonpumaf,GA
Eva,Cortez,39,Male,8/29/1960,Falkavza,NH
Tyler,Bradley,18,Female,3/3/1995,Fodakuh,WY
Ivan,Terry,45,Female,6/30/1973,Unodov,FL
Delia,Frazier,36,Male,9/28/2003,Namobre,TX
Julia,Sparks,38,Female,9/2/1985,Zuhkulno,AZ
Lee,Klein,52,Female,6/6/1968,Pegupme,MT
Claudia,Green,48,Male,7/7/1987,Fekize,OH
Melvin,Cook,64,Male,9/12/1970,Cehesru,MA
Jayden,Strickland,23,Female,2/10/1961,Gikpade,NE
Cordelia,Fisher,38,Male,1/28/1997,Hireclef,NH
Earl,Herrera,54,Male,9/17/1969,Nicdalaz,WY
Ralph,McDonald,48,Male,11/13/1984,Tuzmafu,CT
Etta,Herrera,33,Female,12/13/1990,Gopucwir,KS
Howard,Sparks,48,Male,7/15/2001,Fuhvezal,PA
Celia,Greene,31,Male,9/29/1977,Vepeuc,WV
Nina,Edwards,56,Male,1/15/2003,Ipekieb,OR
Johanna,Jordan,45,Female,3/1/1991,Ucujiful,VT
Caleb,Abbott,36,Female,1/2/1960,Dojafo,MD
Carl,Chandler,54,Female,10/25/1967,Ergirce,OH
Polly,Cohen,47,Male,1/11/1981,Paruahe,GA
Jeanette,Kelley,35,Male,10/31/1991,Habgekpav,ME
Brett,Dunn,45,Male,5/21/1979,Ekezviv,AK
Jon,Vargas,46,Female,12/8/1957,Wajatteg,MS
Minerva,Hall,39,Male,1/18/1961,Epikoher,NE
Wesley,Austin,20,Female,5/19/1971,Rizacvi,CO
Brian,Rios,43,Female,1/19/1964,Romibura,IN
Francisco,Conner,44,Male,5/1/1959,Ecwoac,MD
Lewis,Delgado,47,Female,11/4/1984,Suwunav,MA
Maggie,Fields,23,Male,8/3/1998,Tavopu,ND
Jayden,Vega,20,Male,1/3/1963,Mekbicca,WV
Earl,Anderson,35,Female,8/16/1960,Hubeghu,MI
James,Maldonado,44,Male,4/25/1967,Tuknapok,ND
Mollie,Nichols,30,Male,7/29/1985,Mehrigmu,NH
Victoria,Drake,56,Female,8/16/1959,Cozitar,TX
Bernard,Gill,22,Female,10/27/1983,Pagecva,DE
John,Ray,51,Male,10/17/1980,Ciwalhif,OH
Luis,Sherman,41,Female,10/27/1971,Okpadit,IN
Elizabeth,Nash,37,Male,6/4/1994,Vasuzak,AL
Daniel,Franklin,31,Female,7/1/1982,Vuzwafno,LA
John,Griffin,20,Female,11/1/1994,Ezodakuh,CT
Nicholas,Boyd,21,Female,3/7/1972,Hihudda,WY
Ernest,Brown,35,Male,10/6/1996,Vevefejo,IL
Johanna,Schneider,31,Female,12/10/1994,Dizotve,ND
Jeffery,Clarke,51,Female,7/26/1972,Jiwaobu,MD
Peter,Roberson,38,Female,2/21/1966,Ozusoju,IA
Martha,Ford,52,Male,1/6/1998,Egufoswu,OK
Mario,Ramsey,22,Male,2/9/1978,Bagose,DE
Louise,Mendez,63,Male,8/6/1957,Vezewnup,NE
Effie,Wallace,55,Male,7/8/2003,Tizgepon,OR
Frederick,Patton,25,Female,1/28/2004,Hognael,MS
Blanche,Stanley,33,Female,11/9/1992,Sikzape,OK
Lewis,Frank,55,Male,2/8/1968,Lemroto,ID
Howard,Osborne,58,Male,3/5/1975,Adozube,OR
Irene,Myers,60,Male,4/19/1964,Runtesvev,OR
Cornelia,Estrada,39,Male,9/2/1980,Hiojesuv,OR
Jim,Watts,61,Male,6/13/1974,Tatotdu,KS
Herbert,Montgomery,26,Female,10/23/1987,Joivati,MN
Effie,Morton,18,Female,2/5/1962,Seonosu,CA
Estelle,Powers,48,Female,10/4/1990,Garwuluh,CO
Beulah,Massey,42,Male,10/6/1966,Wogudma,FL
Randy,Ramos,24,Male,6/14/1999,Ruvbate,TX
Bill,Osborne,64,Female,10/8/1957,Viviztug,AR
Cameron,Boyd,20,Male,10/8/1987,Heahupi,NE
Kenneth,Swanson,55,Male,3/18/1960,Asjogu,NH
Rena,Paul,37,Male,7/31/1977,Hilciun,DC
Lela,Montgomery,35,Male,11/19/1979,Zoofdit,NE
Clifford,Jenkins,56,Male,4/19/1967,Jufimaah,CO
Lina,Todd,56,Female,7/10/1990,Guvfeso,WI
Francis,Moreno,28,Male,7/24/2000,Gumawer,KS
Agnes,Farmer,56,Female,7/2/1960,Giibudik,CO
Leona,Norman,64,Male,10/4/1974,Daubuig,WY
Cora,Cruz,59,Female,12/31/1962,Zognirek,MT
Susan,Hunter,65,Female,11/28/1992,Romzuled,KY
Beatrice,Schneider,46,Male,5/18/1969,Moizhig,WA
Ollie,Soto,28,Male,7/18/1981,Udcuti,SD
Steven,Moody,24,Female,6/11/2002,Ogzamgis,SD
Jon,Arnold,54,Male,10/29/1977,Ibecivi,VA
Carrie,Griffith,47,Male,9/11/1970,Lojagwi,RI
Jeff,Gill,57,Female,12/11/1988,Mufehnuh,AR
Louis,Flores,46,Male,10/29/1975,Utubovda,TN
Sue,Reynolds,49,Female,2/17/1978,Gunpete,ND
Isaiah,Sandoval,65,Male,4/29/1963,Gakifo,KS
Brent,Sims,45,Female,7/25/1960,Akiumarop,CA
Della,Johnston,44,Female,9/23/1967,Cakgesigu,AL
Michael,Munoz,18,Male,8/15/1993,Rogage,WV
Virginia,Johnston,56,Female,1/28/1987,Upugiwejo,OK
Louisa,Jacobs,20,Female,4/18/2004,Hurisaj,CO
Jordan,Harmon,21,Male,4/22/2002,Hoftafwom,ND
Martin,Wade,60,Female,12/6/1977,Risvapu,DC
Lawrence,Little,63,Male,6/24/1973,Ifvabu,OK
Cecilia,Jensen,46,Male,2/27/1957,Cogninfo,IL
Lena,Brock,61,Female,5/21/2004,Izuuwcab,CT
Sue,Sharp,24,Male,1/21/1960,Obisasi,NE
Jennie,Bishop,34,Female,6/4/1966,Eruejwe,IA
Nathan,Mitchell,37,Male,12/23/1980,Holiusa,TN
Marcus,Mullins,19,Male,12/23/1976,Elaifucuv,VA
Birdie,James,21,Male,2/7/1978,Bijona,AL
Gertrude,Stone,42,Female,3/27/1976,Wercuvhuk,ND
Emily,Townsend,60,Female,3/7/1957,Ufumezde,ME
Luis,Walsh,32,Male,12/13/1994,Terawvo,FL
Sam,Morrison,21,Female,7/23/2001,Ruitero,HI
Nora,Hardy,45,Female,1/21/1984,Hiffoid,WA
Albert,Graves,59,Male,8/12/1991,Avcube,HI
Ethan,Mendez,64,Male,8/15/1957,Kavpivpol,MA
Augusta,McCoy,18,Male,9/15/1963,Fonkiwig,AL
Lettie,Silva,30,Male,6/24/1962,Ogliggom,VA
Hunter,Higgins,29,Female,1/25/1970,Omrafeta,SD
Eugenia,Boyd,53,Male,2/10/1962,Lelato,NC
Leona,Rice,47,Male,7/20/1969,Efsium,NH
Nathan,Roberts,18,Female,9/13/1995,Obsepruc,DC
Leon,Nelson,32,Male,5/20/1994,Azmuru,PA
Myrtle,Bryant,44,Female,4/21/1970,Bodaul,MO
Donald,Dawson,41,Female,8/24/1961,Wepejuge,CT
Nettie,Russell,22,Female,5/27/1964,Cupijuj,IN
Beulah,Cohen,51,Male,12/8/1979,Lecdejob,MN
Francisco,Lynch,23,Male,9/3/1998,Mizkemkam,NH
Martha,Ortega,49,Male,11/5/1978,Irizonjan,ND
Gordon,Gregory,18,Female,5/7/1988,Birreljal,OR
Jordan,Alvarez,31,Male,12/18/1963,Mocigfa,NH
Jared,Collier,22,Female,9/3/1988,Teskoftan,VT
Elva,Murphy,30,Male,1/6/1967,Nehaguj,OH
Lena,Lowe,27,Female,2/14/1996,Bekugip,MO
Mason,Higgins,42,Female,8/31/1987,Ipfusa,WY
Mark,Burgess,44,Male,5/11/1964,Cirpufo,AK
Julia,Gilbert,43,Male,6/14/1981,Wokruciw,GA
Charlie,Jenkins,19,Male,3/18/1972,Guwwenef,MD
Martin,Fisher,25,Male,5/23/1984,Junjiet,UT
Ray,Mullins,41,Female,5/29/1996,Ewuetzi,AR
Miguel,Becker,57,Female,9/6/1960,Ulawefmap,IA
Fred,Chavez,41,Female,5/3/1962,Sofeda,ID
Nathan,Hamilton,24,Male,12/14/1964,Ipapoplu,IL
Florence,Simon,48,Male,4/11/1992,Diebowi,MA
Vernon,Clarke,41,Male,7/31/2003,Muwuwavi,AR
Lewis,Vargas,61,Female,2/6/1962,Asiecuzu,MD
Edgar,Hanson,41,Male,10/9/1983,Jizpocwo,WV
Marion,Pearson,55,Male,7/3/2002,Kuzjiup,NE
Marian,Ramirez,47,Male,6/22/1968,Mamukcu,SC
Chad,Marshall,40,Female,12/14/2003,Novkezmac,VT
Charlie,Bowers,50,Male,7/31/1981,Popucozo,GA
Cordelia,Aguilar,63,Male,7/17/1980,Rizeeba,KY
Myrtle,Morris,56,Female,8/9/2002,Damjovo,VT
Leo,Morgan,42,Male,7/19/1966,Jujtiruje,MI
Ella,Greene,25,Male,12/30/1984,Worumun,KY
Darrell,Pearson,18,Male,8/6/2002,Lonafgib,OH
Kyle,Porter,56,Female,9/14/1988,Gauziano,WI
Martin,Sanders,29,Male,4/10/1965,Uzoavudum,NC
Lela,Strickland,52,Female,7/20/1957,Egsubap,UT
Theresa,Wilkerson,31,Female,7/28/1977,Jakbawzoc,KS
Charles,Davis,53,Female,4/29/1961,Fifelota,CT
Pauline,Day,63,Male,1/19/1965,Laktecep,AZ
Augusta,Flores,64,Male,5/13/1957,Zufzamo,DC
Eunice,Ferguson,46,Male,6/4/1974,Culcatem,MT
Bettie,Schwartz,20,Male,6/30/1981,Uwpanne,NH
Eddie,Ballard,26,Female,4/18/1974,Pizecili,OK
Emma,Nunez,58,Male,8/28/1977,Nocomda,DC
Amanda,Butler,43,Female,5/6/1970,Cefebka,MT
Kenneth,Hammond,25,Male,10/28/1983,Cupmojot,IA
Cameron,Burton,26,Female,4/25/1973,Dudiwgiv,MO
Miguel,Garrett,19,Male,6/22/1979,Fimojo,DC
Jack,Bridges,26,Male,3/15/1985,Cibavrap,NJ
Dylan,Castro,23,Male,10/4/1967,Tenciku,HI
Lewis,Hicks,63,Male,4/24/2001,Zunobeva,TN
Augusta,Warren,26,Male,10/27/1973,Iticeum,MN
Fannie,Carpenter,62,Male,3/2/1963,Rikcobub,NM
Della,Russell,61,Male,1/1/1992,Ofesgiz,LA
Estella,Ball,59,Male,1/8/1962,Jipicudo,MO
Gilbert,Powers,37,Male,10/1/2001,Akalegap,VT
Sylvia,Lawson,55,Female,5/12/1968,Fueski,VT
Rhoda,Miller,61,Female,3/12/1970,Uvoviuz,AK
Alejandro,Sandoval,46,Female,5/3/1984,Dehwarpon,MS
Emma,Sanchez,39,Male,9/6/1978,Lewjowa,OH
Randy,Becker,58,Male,12/11/1975,Mucguiwa,AK
Rosa,Swanson,36,Female,5/14/1999,Cokowfod,UT
Francisco,Gross,19,Male,12/2/2001,Cinevzu,VT
Daisy,Swanson,48,Female,10/9/1994,Puwoptu,SC
Noah,Thompson,37,Male,2/3/1977,Ruubda,KY
Clarence,Glover,29,Female,3/19/1989,Amwahom,DE
Julia,Burton,23,Male,8/20/1983,Arowamri,OH
Don,Sanchez,48,Female,2/22/1965,Fojabzi,WY
Theodore,Greene,42,Female,5/27/1974,Begguwuf,IA
Matthew,Harris,53,Male,8/23/1981,Jerurno,CA
Ella,Armstrong,63,Male,3/25/1996,Fuapeiko,CT
Francis,Freeman,30,Male,9/4/1980,Wikidzi,NE
Isabel,Dennis,20,Male,4/11/1968,Sappigbor,DE
Myrtie,Morrison,39,Male,10/15/1972,Mejimne,IL
Emilie,Hoffman,28,Male,11/29/1979,Satuhtiw,NV
Lina,Norris,31,Female,8/18/2002,Vubuha,OH
Lily,Ramirez,33,Male,5/5/1961,Legigca,WY
Emilie,Drake,63,Male,8/6/1997,Kuzbodla,AL
Mabelle,Alvarado,64,Male,6/6/1998,Sohnivca,AL
Lloyd,Blair,47,Female,8/16/1960,Dubzemoz,WV
Alan,Howard,42,Female,8/2/1994,Vakpake,CO
Marguerite,Schwartz,43,Male,6/2/1969,Varimtej,OH
Roger,Moody,50,Male,4/10/1969,Dapelog,NV
Dominic,Duncan,23,Female,4/29/1979,Idrejnoz,MN
Fanny,Knight,37,Male,9/26/1969,Cupnuwgun,NE
Rena,Rodgers,43,Female,10/13/1965,Pasfopha,RI
Cecilia,Wood,64,Male,5/9/1993,Pampaew,NE
Ralph,Daniel,20,Male,12/28/1974,Haipawi,DE
Jesse,Brooks,39,Female,12/13/1972,Bedbiwoc,WY
Lucille,Moran,36,Female,5/3/1985,Ojubapoz,NV
Brandon,Foster,36,Male,12/13/2000,Ariotsu,MI
Vera,Cohen,56,Female,5/30/1982,Fasjuwci,DE
Hester,Sharp,22,Female,2/3/2001,Sukwaotu,IN
Victor,Collier,27,Male,10/31/1997,Runnatu,NH
Bessie,Miller,54,Male,11/13/1997,Cunicza,MI
Ora,Henry,55,Female,6/10/1978,Kuzmimfa,OH
Hulda,Garrett,65,Male,6/20/1982,Pugitlo,TN
Mildred,Watts,58,Male,4/14/1989,Bomufziw,MA
Clarence,Smith,54,Female,5/12/1992,Cituzhuh,IL
Leroy,Barker,40,Male,7/10/1957,Zecipuc,NC
Jared,Horton,55,Male,12/1/2002,Vubwaad,TN
Dean,Tyler,43,Female,7/25/1996,Piesru,OK
Genevieve,Hardy,41,Male,7/6/1979,Kafukceg,AZ
Leonard,Collins,51,Male,6/21/1989,Setapal,KS
Janie,Massey,49,Female,1/3/1977,Betiavu,VT
Jeanette,Page,46,Male,1/31/1989,Sukjagec,NE
Olive,Quinn,33,Female,4/17/1958,Juhtetme,NE
Ann,Evans,31,Female,4/29/1978,Zojwuwa,MT
Olive,Hammond,39,Female,12/25/1986,Eteminew,IA
Roxie,Rodriguez,46,Male,8/14/1985,Rafhisaw,MT
Ada,Page,19,Female,4/27/1963,Rajebdo,TX
Dale,Ward,25,Female,1/12/1982,Lavowris,OR
Mamie,Kennedy,65,Male,8/21/1976,Muurmi,ME
Gavin,Frank,44,Male,4/28/1996,Otturu,CA
Ora,Fletcher,20,Female,10/27/1999,Nauviro,OR
Addie,Carr,25,Female,5/23/1978,Tebohso,WI
Jimmy,Barnes,18,Female,2/21/1974,Gonvopa,FL
Christina,Watts,33,Male,12/19/1986,Ceigeag,TX
Frances,Bowman,59,Female,8/1/2002,Cesonab,NC
Rosetta,Cook,18,Female,12/18/2002,Nugadsov,IN
Katherine,Mullins,50,Male,12/25/1973,Louzpu,PA
Jordan,Jacobs,35,Female,8/18/2002,Topzove,LA
Olivia,Flores,26,Male,7/8/2001,Tonitsu,MO
Douglas,Davidson,46,Male,9/25/1970,Zikvirsor,MD
Jane,Reese,49,Female,1/11/1967,Rahkepnaz,GA
Virgie,Hawkins,45,Male,1/21/1969,Raikduw,CT
Betty,Goodwin,24,Female,10/3/1993,Apbocdip,RI
Luis,Myers,54,Female,12/22/1964,Panliras,UT
Nell,Holland,46,Male,11/14/1969,Onviufa,OH
Christina,Reeves,47,Female,10/23/1968,Jujemir,OH
Katharine,Huff,20,Female,1/6/2001,Mocpavna,ND
Sara,Gomez,36,Male,10/8/1995,Pohaluza,UT
Donald,Holmes,22,Female,3/5/1975,Cocumjul,WY
Jackson,Doyle,25,Female,8/3/1964,Rocladjup,AK
Andrew,Gardner,28,Male,6/17/1958,Guwejdu,SD
Dominic,McBride,41,Female,12/15/1980,Ajujaze,GA
Josephine,Howell,50,Male,2/28/1979,Depoko,NE
Elijah,Owen,22,Male,7/5/1988,Gougna,HI
Theodore,Graves,26,Female,1/4/1978,Hozikug,NH
Michael,Thornton,59,Female,9/27/1981,Dihapto,IA
Clarence,Spencer,42,Female,12/4/1971,Wijbego,NY
Eddie,Pena,46,Female,4/22/1981,Ojboroc,MD
Kenneth,Flowers,54,Male,2/18/1986,Tardibto,ID
Norman,Allen,43,Female,6/16/1958,Rakzovmoc,NE
Bessie,Hansen,42,Female,9/27/1988,Likwukofi,IA
Franklin,Allen,18,Male,11/30/1962,Fapdibfe,NY
Angel,Warner,56,Female,5/11/1973,Sidcaral,MT
Andre,Mendoza,34,Male,11/15/1967,Libozhu,NC
Fannie,Fitzgerald,57,Female,4/15/1991,Pejaasu,KS
Marvin,Snyder,38,Male,9/22/1986,Otpovu,NE
Milton,Romero,29,Male,9/11/1971,Gadodo,ME
Gregory,Warner,55,Female,9/10/1972,Kitkecfol,MA
Shawn,May,63,Male,10/29/1988,Zudjokom,OK
Gilbert,Sanders,21,Male,4/8/1974,Wobekac,KS
Clayton,Briggs,38,Male,6/29/1963,Lajiruh,MI
Katie,Spencer,54,Male,1/31/1983,Jisancu,LA
Johnny,Gibson,42,Female,1/22/1997,Voizlar,NY
Gordon,Hunt,45,Male,8/7/1987,Ildahjo,WY
Lester,Bowers,20,Male,1/15/2000,Afeunuhoh,NH
Laura,Sparks,43,Female,6/21/1958,Mizmubob,ND
Bradley,Hanson,27,Female,1/29/1961,Lennomcu,MA
Robert,Hall,62,Female,3/20/1992,Apokmi,MO
Mittie,Campbell,60,Female,4/11/1964,Kashatbi,MA
Eliza,Hill,57,Male,2/28/1999,Ricedev,AL
Randall,Howard,58,Male,4/9/1963,Muugnuk,HI
Hattie,Marsh,32,Male,1/24/2002,Vizzija,TN
Lewis,Erickson,58,Female,7/11/1968,Nuovowes,MS
Francisco,Cruz,38,Female,9/5/1992,Cufaew,WV
Isabel,Bowen,29,Male,1/31/1988,Fagamor,MN
Hulda,Lee,62,Female,2/6/2000,Gickohor,WA
Alberta,Barton,53,Male,9/23/1984,Tesibip,HI
Logan,Yates,43,Male,12/2/1971,Efedapzog,AK
Blanche,Moody,48,Male,7/25/1996,Hikvooge,MS
Estella,Boyd,45,Female,6/30/1960,Ekihcaj,UT
Lola,Henderson,49,Female,4/2/1963,Ihwooka,IL
Lela,Brewer,28,Male,1/24/1993,Towoene,LA
Maurice,Tucker,21,Female,7/17/1971,Viwegada,IN
Mina,Hart,46,Female,9/22/1957,Dofgukvab,IL
Theodore,Rhodes,35,Male,4/12/1973,Tuvinez,NM
Joe,Hodges,39,Female,8/7/1998,Sazziczo,MI
Edna,Summers,57,Male,7/21/1972,Vivpihzi,UT
Estelle,Reese,39,Female,4/19/1998,Uvaozha,MN
Gilbert,Montgomery,35,Male,4/27/1989,Totromo,MS
Gary,Perez,61,Male,11/12/1999,Acifaflel,TX
Dustin,Hampton,52,Female,4/1/1990,Ahadula,VT
Francisco,Carter,21,Male,10/26/1962,Dotkamak,FL
Christopher,Harper,52,Female,6/16/1976,Awebavvo,WY
Katherine,Terry,35,Female,5/3/1998,Iscovken,AL
Sophia,Ward,55,Female,6/29/2000,Rusdumat,RI
Francisco,McCormick,38,Male,6/22/2002,Ubahenu,MT
Joseph,Keller,53,Female,12/27/1978,Sihogeh,KS
Louise,Ellis,41,Male,1/21/1970,Jubeih,SD
May,Thompson,19,Male,12/6/2001,Upwisru,FL
Jeffery,Saunders,50,Male,3/27/1981,Puerzod,CA
Marion,Rodgers,22,Female,7/21/1968,Wucelrek,LA
Lucas,Harrington,33,Male,10/3/1966,Ojsuje,WI
Chase,Ward,57,Female,3/6/1970,Zorivelob,IN
Maria,Hughes,34,Male,3/23/1988,Zewgizhol,KS
Michael,Shaw,49,Female,6/12/1986,Ujwaipi,WY
Leon,King,64,Male,3/22/1997,Dozipfi,FL
Dale,Parsons,35,Male,3/24/1957,Zamkakbe,NJ
Owen,Pope,21,Female,9/30/1993,Puluase,NY
Jose,Nelson,64,Female,7/23/1970,Andortag,OK
Manuel,Webster,39,Male,2/16/1983,Colreften,NE
Alfred,Ray,36,Male,5/2/2000,Wufaak,VT
Sally,Lamb,34,Female,1/20/1978,Bicbiva,OK
Minerva,Franklin,52,Male,9/5/1960,Satizer,AK
Eva,Henderson,41,Female,3/10/1965,Baffevi,GA
Louis,Vaughn,58,Female,1/20/1962,Wehive,ME
Chase,Dennis,39,Female,3/2/1988,Luutpuk,HI
Lloyd,Montgomery,27,Male,10/31/1962,Pitiwfun,NJ
Jane,Norman,59,Male,11/30/1973,Kanuvjid,NY
Allen,Cohen,45,Female,6/4/1969,Wawuvu,HI
Polly,Brady,53,Female,12/18/1960,Ziibizeh,ND
Christine,Moody,56,Female,1/23/1978,Uzaluwej,CO
Lucile,Meyer,51,Male,1/13/1958,Liofahe,ME
Pearl,Washington,30,Male,1/2/1985,Owvulec,ND
Minnie,Warren,37,Female,8/16/2000,Mupoopa,MO
Edith,Norris,61,Male,5/24/1957,Febuffa,VA
Lucy,Hawkins,34,Female,10/1/1982,Gertahvu,VA
Angel,Fields,52,Female,4/26/1985,Vucowu,MD
Jerome,Paul,65,Male,7/16/1972,Hipvajboh,WY
Roy,Gross,62,Male,2/22/1981,Cawzacoj,AK
Ellen,Lambert,23,Male,12/15/1977,Venulo,AZ
Bobby,Atkins,18,Male,10/10/1991,Siaspe,MD
Georgie,Powers,55,Female,10/26/1969,Pomuwta,SD
Katharine,Watts,33,Male,11/10/1994,Suljabilo,NC
Christopher,Perez,19,Male,8/7/1996,Vumpuuj,WA
Vernon,Dawson,45,Female,10/2/1995,Nomrofge,WI
Eleanor,Wade,28,Female,7/26/1985,Ejerfam,VT
Travis,Park,42,Male,12/31/1974,Tikagco,NC
Harvey,Simmons,29,Female,10/31/2002,Jujtuko,ND
Ian,Walton,18,Female,7/3/1995,Ahoidmu,MS
Randall,Harrington,39,Female,6/11/1980,Wicezga,KS
Isaac,Roberson,61,Female,1/26/1965,Kejlood,IA
Ina,Gutierrez,50,Male,4/5/1980,Gemomum,CT
Rosie,Thornton,30,Male,1/12/2003,Labrubsuk,WI
Terry,Carpenter,31,Female,12/25/2002,Ecciza,WY
Lela,Barker,53,Female,4/17/1965,Hivminiz,FL
Alejandro,Gonzalez,50,Male,2/10/1971,Efeobozu,DE
Minnie,Garcia,54,Male,12/13/1967,Rurizo,MS
Adeline,Phelps,33,Female,10/29/1979,Unasulu,HI
Jean,Hodges,41,Female,6/30/2004,Zeluwifom,NE
Laura,Clark,54,Male,8/5/1978,Jemrujet,AR
Jeff,Beck,37,Male,8/4/1965,Kairoval,TX
Mayme,Jacobs,41,Female,4/12/1979,Soglinap,NM
Kevin,Shelton,52,Female,11/7/1981,Hidlegu,MS
Willie,Blake,32,Female,7/31/1962,Motmawi,NE
Beatrice,Vasquez,27,Male,5/21/1976,Anaofka,NY
Maggie,Simpson,25,Male,8/27/1989,Makbahen,KY
Dorothy,Burns,64,Male,11/12/1968,Ewuituas,NE
Jessie,Keller,51,Female,6/30/1986,Rahalede,GA
Alex,Park,45,Male,10/18/1986,Elhonuc,WY
Nellie,Robertson,53,Male,10/21/1971,Ziurgin,CA
Logan,Young,52,Female,1/23/1991,Awabvig,MA
Hilda,Pope,45,Male,12/31/1997,Opiemule,AZ
Ann,Lucas,35,Male,4/3/1989,Udgoine,PA
Matthew,Lewis,40,Male,3/16/1978,Doclubum,SC
Harold,Carter,30,Female,7/26/1976,Erejimcu,ID
Gordon,Sims,46,Male,10/22/1972,Famkavu,NH
Derek,Cannon,44,Female,6/12/2002,Hepgepgeb,GA
Patrick,Turner,45,Male,8/20/1981,Limuhit,ID
Leo,Manning,19,Male,7/10/1968,Vikbowej,MO
Craig,Fisher,24,Female,2/1/1998,Ujovbi,PA
Myrtle,Stewart,22,Male,12/24/1977,Zidiepa,DC
Andrew,Cain,40,Male,2/27/1970,Vataefu,ME
Nell,Gomez,46,Female,11/15/1984,Efidanuci,MA
Vincent,Dunn,23,Female,8/22/1984,Lapirsin,MD
Donald,Hughes,60,Male,5/14/1980,Zapneaj,WV
Daniel,Terry,40,Male,1/12/1990,Dedfugpif,WA
Violet,Howard,45,Female,6/3/1974,Sefaeza,WY
Blake,Day,64,Female,4/28/1964,Lupulba,MI
Francisco,Greer,32,Female,6/5/1975,Caelme,SC
William,Aguilar,24,Female,7/14/1997,Dustewa,MN
Lewis,Lynch,45,Male,3/28/1962,Ravebibi,OK
Michael,Weber,25,Male,3/5/1985,Bojgoahu,NC
Zachary,Griffith,55,Female,5/6/1973,Niofnec,ND
Willie,Willis,30,Male,7/13/1964,Pawwiat,AK
Rosetta,Miles,61,Female,1/5/1958,Nesumhik,ME
Kathryn,Pierce,59,Male,11/15/1970,Vehralus,CA
Mary,Curtis,53,Female,2/5/1959,Jezeav,DC
Martha,Munoz,22,Female,7/9/1962,Goanudek,AL
Walter,Barber,65,Male,8/13/1959,Iwetoseg,NY
Max,Maxwell,26,Male,12/6/1998,Cekoime,NJ
Katherine,Caldwell,36,Female,4/26/1978,Wocnibpor,OK
Maria,McGuire,27,Female,11/20/1959,Fojkijih,WY
Bruce,Reese,55,Male,4/3/1958,Bukozfi,FL
Dean,Bass,61,Male,12/14/1971,Teatewo,NM
Ella,Bates,30,Male,8/9/1987,Mekgabo,OH
Nellie,Mitchell,31,Male,1/18/1993,Lepemlen,AK
Willie,Sullivan,18,Male,1/13/1973,Izabeore,IL
Michael,Boone,40,Male,11/19/1986,Robekkov,ID
Leroy,Hammond,25,Male,1/24/1962,Loomuiz,GA
Tom,Brady,25,Female,6/21/1980,Dereno,MD
Brian,Holland,32,Female,9/24/1970,Wocekaz,UT
Martha,Patterson,59,Female,12/11/2003,Kuicbut,NJ
Gussie,Lynch,59,Male,12/3/1996,Rekejzup,WI
Fanny,Gonzalez,36,Male,9/14/2002,Pedfusdaf,MD
Beatrice,Owen,54,Male,8/10/1989,Omcuob,MI
Johanna,Sanchez,59,Female,2/13/1993,Mucpahu,WA
Elizabeth,Mack,21,Female,6/3/1958,Maiwwaw,TN
Bryan,Bowen,55,Female,6/2/1976,Nabuzhi,OK
Roger,Hunt,30,Male,9/2/1985,Zawfakep,CT
Ida,Curry,42,Female,10/3/1959,Mircame,WA
Leila,Bass,25,Male,6/30/1975,Caomima,IL
Henry,Barnett,34,Female,2/13/1979,Ijocicur,DC
Bessie,Clark,48,Male,4/23/1989,Sipsetoj,AK
Adam,Morrison,48,Female,4/11/1967,Habucuduh,TX
Joseph,Phelps,29,Female,10/5/1997,Cezjovic,MI
Alex,Simpson,30,Male,2/9/1975,Bucajpus,VT
Ollie,Vaughn,53,Male,8/11/1988,Haluga,IA
Alexander,Ward,31,Female,5/31/1983,Ofbavwi,NV
Ora,Steele,64,Female,9/11/2004,Rafavaj,TX
Hulda,Underwood,33,Male,6/28/1979,Wejiol,OR
Barry,Drake,29,Male,8/13/1970,Titudta,UT
Rosie,Fisher,33,Male,5/21/1983,Sontokma,AK
Myrtle,Wagner,42,Male,1/17/1986,Zijmeazu,WY
George,Park,27,Male,3/2/1960,Saddawe,MA
Adele,Abbott,63,Male,8/9/1962,Hiswugse,FL
Elmer,Sharp,36,Male,6/15/1989,Girerbu,IN
Bettie,Saunders,18,Male,11/5/1992,Ehrobed,VT
Jean,Lopez,46,Female,1/30/1992,Etzedma,IL
Elnora,Sims,48,Male,4/15/1986,Zemholuna,KS
Jerry,Howell,35,Male,10/5/1996,Colotma,MT
Jonathan,Gray,25,Female,4/12/1997,Dezaheba,DE
Jay,Paul,45,Male,11/6/1984,Winopa,KS
Austin,Figueroa,24,Female,3/15/1964,Botzojdir,MS
Cole,Bishop,33,Female,4/12/1972,Fivzike,ND
Jonathan,Hunter,38,Male,3/23/1995,Wunnejog,DC
Marvin,Carroll,65,Male,3/11/1970,Puumcor,NM
Franklin,Jefferson,19,Female,6/16/1992,Fefgutmij,MT
Earl,Romero,50,Female,4/20/1957,Ucsudis,WV
Bill,Lucas,57,Female,12/18/1978,Vimlohu,NE
Lucinda,Duncan,26,Male,12/24/2000,Wiocozam,CO
Fannie,Munoz,65,Female,8/29/1978,Gujtohoc,NH
Randy,Phelps,46,Female,10/16/1992,Emaneoci,HI
Minerva,Roberts,34,Female,3/12/1963,Epohogkup,ME
Ryan,Garner,39,Female,7/26/1961,Caeveseg,NM
Hettie,Holland,27,Female,10/16/1961,Pakommun,FL
Francis,Ruiz,26,Female,5/3/1988,Temjuzeb,WV
Juan,Wade,63,Female,1/30/1999,Jedpuco,MN
Peter,Moody,64,Male,11/13/1985,Jumludpin,WV
Rosetta,Graham,65,Male,4/9/2003,Zuzugav,SC
Ronald,Castro,63,Female,8/15/2001,Fudmize,VT
Glenn,Owens,44,Male,3/6/1966,Nujfatpiv,MD
Billy,Lindsey,30,Male,5/8/1974,Incidzot,MD
Mitchell,Hansen,46,Female,10/27/1990,Fuvoluf,IL
Eliza,Newton,35,Male,6/28/2002,Cancevew,ID
Glenn,Boyd,56,Male,10/3/1960,Obcejsiz,TN
Howard,Cruz,38,Female,6/22/1970,Woagurug,AL
Blanche,Logan,31,Female,9/28/1963,Leboca,PA
Millie,Goodman,23,Male,7/13/1977,Abozeza,NY
Kate,Sanchez,51,Female,9/10/1960,Oresose,IL
Victoria,Santos,50,Male,11/26/1988,Zojcigjar,IN
Susie,Abbott,61,Female,2/27/1998,Lavrizab,VA
Randall,Marsh,45,Female,9/11/1991,Ipefuwi,OK
Craig,Collier,42,Female,2/5/1999,Surjeji,VA
Fred,Hayes,53,Female,2/15/1991,Kihpihde,VT
Harold,Stone,35,Male,7/5/1988,Lungokbo,OH
Elsie,Burgess,51,Female,12/23/1965,Licowoteb,DE
Luke,Nguyen,45,Female,2/9/1975,Vudiwi,AZ
Dustin,Bush,49,Female,1/4/1958,Gevewi,NV
Ophelia,Richards,25,Female,4/27/1982,Vudnervas,AZ
Troy,Henderson,41,Female,6/29/1961,Nowevez,MT
Henrietta,West,30,Male,5/27/1978,Mincijve,OK
Edgar,Webster,28,Male,12/12/1995,Hegudfik,MN
Sarah,Perkins,39,Female,5/29/1998,Batopa,RI
Kyle,Black,25,Male,11/29/1973,Vuugujel,ID
Beatrice,Byrd,52,Female,6/11/1978,Gawurhin,IA
Franklin,Griffin,58,Female,3/5/1982,Vujulazas,WV
Phillip,Jimenez,37,Female,10/2/2000,Jukvoboh,ME
Garrett,Castro,56,Male,8/18/1966,Ledireguj,MD
Earl,Watson,34,Female,1/28/1957,Upmahzak,NE
Helen,Reese,52,Female,12/10/1965,Ecufabra,SD
Olive,Jordan,27,Male,2/26/1973,Piitoci,WV
Fanny,Frank,53,Male,8/17/1998,Jihlakni,CA
Lucy,Gomez,29,Female,6/14/1992,Vunezmap,MD
Ethan,Medina,26,Female,6/11/1983,Nezorafec,WI
Edgar,Lynch,64,Female,3/25/2002,Uglagwal,SD
Elizabeth,Cook,38,Male,11/3/2001,Gotaupe,NY
Sally,Pratt,52,Male,2/5/1986,Pezowa,NV
Mitchell,Potter,55,Female,2/25/1994,Odokofnen,MT
Eva,Perkins,65,Male,10/15/1982,Ijmoti,MO
Owen,Gibson,18,Female,11/30/1968,Baosipa,CT
Mike,Gray,26,Male,7/30/1977,Kihlosij,CT
Kevin,Watkins,48,Female,6/20/1992,Degfegah,NM
Louis,Burton,50,Male,10/1/1978,Ihvewsi,MS
Frederick,Munoz,54,Female,10/28/2004,Kazanuesu,NJ
Marcus,Martin,27,Female,8/15/1963,Izpecdum,DE
Mitchell,Wade,57,Female,3/17/1966,Jigefbu,WV
Louisa,Ortega,36,Male,2/27/1977,Jifadado,OR
Ronald,Pearson,26,Female,10/18/1973,Zartarse,TN
Julia,Duncan,24,Female,6/9/2004,Hozaabe,MI
Francis,Ball,52,Female,6/29/1981,Mopbehho,CO
Inez,Hammond,24,Female,4/4/1959,Vizokgik,MI
Inez,Neal,53,Male,1/11/2001,Vipowife,GA
Wayne,Cain,52,Male,10/17/1986,Pusuroopa,ND
Marguerite,Craig,48,Female,6/4/2003,Mihhabonu,WI
Roxie,Dunn,33,Male,10/6/1976,Fizitsik,LA
Hattie,Freeman,58,Female,3/10/1967,Wurjutoj,OR
Christina,Webster,26,Female,5/14/2004,Vepudib,OH
Cole,Cross,33,Male,12/18/1997,Surubatih,DC
Randall,Bush,19,Male,2/12/1963,Ibukiet,GA
Alan,Lane,45,Male,10/4/1959,Nerebko,KS
Harold,Wagner,40,Female,11/12/1986,Sirezvif,AL
Duane,Wilkins,37,Female,3/2/1994,Pavmuom,CA
Eugene,Black,38,Female,1/11/1981,Geriszik,AK
Kevin,Brown,37,Male,3/3/1993,Vodahcon,AR
Allen,Morgan,20,Male,6/4/1988,Hootape,WV
Jared,Knight,23,Male,3/8/1967,Fotagil,VA
Jeffrey,Butler,39,Male,1/2/1998,Otugeknej,FL
Claudia,Martinez,44,Female,3/12/2002,Epocowo,PA
Nora,Garcia,65,Male,10/31/1969,Bakkekaf,TX
Millie,Lopez,42,Female,4/26/1982,Tatsucuz,WI
Harry,Mitchell,61,Male,12/2/1985,Daculudo,NY
Virgie,Hansen,33,Male,12/4/1991,Isuuzgo,AK
Maude,Robbins,21,Female,8/31/1991,Lofahdew,WV
Allen,Tate,20,Male,10/7/1978,Ozuluwsuk,LA
Ryan,Douglas,31,Male,1/18/1980,Hewetare,ID
Jason,Hernandez,56,Male,6/13/1988,Idisipu,IA
Bertha,Morton,62,Female,7/28/1969,Zotivoeta,DE
Francisco,Dawson,41,Male,11/4/1963,Zeagipob,CA
William,Zimmerman,47,Male,10/8/1964,Vefwihiv,KY
Sophie,Powell,37,Female,9/19/1988,Pakolbep,DC
Matthew,Farmer,54,Male,1/29/1985,Owuewvuf,MT
Micheal,Massey,22,Female,8/11/1998,Muizudu,NH
Georgia,Osborne,32,Male,1/22/1969,Rimbervi,MD
Alice,Harvey,50,Female,12/27/2002,Hemaptu,DC
Hallie,Dawson,44,Female,4/13/1970,Denwochez,KY
Charlotte,Rogers,51,Female,3/24/1980,Evuonata,PA
Herman,Thompson,60,Male,10/16/1957,Fisvafed,SD
Adelaide,Ray,40,Male,7/18/1999,Imezoloz,TN
Lou,Flowers,37,Female,4/23/1978,Otenerewe,NY
Angel,Houston,25,Male,6/7/1995,Selali,IN
Beulah,Schmidt,18,Male,2/18/1977,Nawufam,AL
Marc,Nguyen,21,Female,5/26/1993,Caceftih,MO
Patrick,Crawford,37,Female,8/31/1958,Hapvilu,OH
Ida,Bailey,63,Female,5/22/1958,Ripucnu,CO
Alexander,Gonzalez,52,Male,11/29/1976,Dikucnov,VT
Marguerite,Rowe,24,Female,12/14/1985,Fosaggap,NH
Laura,Paul,18,Male,10/26/1998,Webamas,LA
Kyle,Sanchez,22,Female,2/27/1977,Ocoamolum,NY
Mae,Patton,31,Male,4/7/2002,Ocaefuos,KY
Trevor,Barnett,64,Male,11/27/1984,Foomopo,MO
Georgia,Clayton,48,Male,4/18/1977,Devloseru,DE
Louisa,Sharp,56,Female,8/8/1958,Ihovele,NJ
Brandon,Sparks,35,Female,12/14/1991,Wetopsi,SD
Charlotte,Carroll,54,Male,9/9/1972,Cadmice,IL
Robert,Hunter,44,Female,11/17/1967,Pugdavig,MS
Lois,Lloyd,40,Female,4/19/1989,Dusehtis,OK
Gregory,Reyes,61,Female,3/29/1965,Rajurca,OH
Virgie,Barnes,65,Male,11/28/1987,Pecriafe,MO
Jimmy,Carlson,52,Male,10/17/1987,Zabzice,NY
Barbara,Bishop,52,Male,7/1/1965,Zipsonec,AK
Maude,Watkins,32,Male,8/20/1989,Adborrib,CA
Anne,Murphy,46,Male,12/31/1984,Pigcibnah,CO
George,French,24,Female,11/13/2003,Agfepe,AR
Catherine,Lamb,56,Male,11/6/1997,Murejnop,OR
Howard,Schneider,33,Female,9/26/1993,Deahitig,OK
Sally,Silva,18,Male,3/26/1959,Gaisesu,MI
Devin,Palmer,48,Female,3/6/1983,Kivjazo,HI
Max,Evans,48,Male,9/13/1983,Ekufapo,UT
Cynthia,Hart,18,Male,1/8/1963,Uwagoja,MT
Sophia,Turner,31,Male,7/18/1977,Badeteega,NC
Caleb,Stone,40,Female,2/5/1972,Aceejpok,WV
Nina,Goodman,63,Male,6/29/1970,Kujatu,NV
Violet,Grant,64,Female,4/26/1987,Bunvulkid,MN
Tommy,Holt,24,Female,7/30/1998,Ajwepaw,NM
Iva,Cobb,61,Female,4/21/1969,Neikdu,SC
Alta,Reed,23,Female,5/12/1979,Narpasi,SD
Cynthia,Hernandez,37,Male,8/5/1994,Wulinti,AL
Nannie,Myers,59,Male,9/20/1995,Uzihela,MT
Floyd,Zimmerman,48,Male,6/30/1987,Ahcube,GA
Dustin,Santiago,63,Female,6/11/1979,Utamuzad,MT
Willie,Benson,22,Female,4/30/1998,Subjedkoj,NE
Shawn,Maxwell,60,Male,4/10/1979,Isjotji,IN
Stephen,Bishop,32,Male,3/16/1960,Vesahfaf,MA
Jack,Dunn,26,Female,7/28/1971,Sawatod,VT
Roy,Garcia,40,Female,11/14/1965,Riratar,FL
Virgie,Sutton,57,Female,12/5/1997,Ehieweow,VA
Blanche,Wolfe,38,Male,7/14/1962,Sabjijdel,WA
Martin,Aguilar,52,Male,12/21/1967,Fujilage,IA
Hester,Banks,51,Female,6/1/1961,Hufudu,MI
Seth,Figueroa,54,Male,7/7/1975,Zochuek,IN
Etta,Hoffman,33,Male,9/16/1990,Birupcut,RI
Wesley,Garcia,34,Female,8/24/2000,Aluesmod,NM
Allie,Sanchez,29,Male,7/14/1966,Junhuhte,MT
Adam,Patterson,23,Female,10/8/1957,Dunugvac,WY
Rosalie,Burke,25,Male,4/3/1992,Micolenof,KS
Shane,Cruz,42,Male,1/30/1993,Heskofef,WI
Elmer,Sims,34,Male,1/14/1976,Wapjesvet,TN
Cole,Phillips,34,Female,8/21/1988,Ahakimhud,MS
Christopher,Watts,30,Female,10/17/1981,Naaketad,KS
Adrian,McCarthy,31,Female,11/24/1965,Tuirfe,MT
Myrtie,Schwartz,26,Female,3/23/2004,Azauvaak,ME
Jeffrey,Guerrero,49,Female,11/27/1957,Cevvagkob,AK
Sylvia,Alvarado,42,Female,7/27/1991,Nehcenga,MS
Tommy,McLaughlin,35,Male,1/29/1980,Fammofhek,NH
Andre,Bishop,21,Female,4/14/1980,Kagukul,MI
Carrie,Houston,45,Male,11/10/1982,Kenisila,OH
Henrietta,Holloway,49,Male,4/21/2002,Uzuniivi,RI
Lillie,Fox,51,Male,7/21/1993,Fezani,CA
Bertie,Alexander,18,Female,4/7/1995,Pigivgo,CA
Terry,Hubbard,57,Male,7/25/1968,Infakam,SD
Mae,Caldwell,59,Female,4/1/1981,Mafumel,AL
Jeremy,Phelps,53,Female,11/26/1987,Ehozopdac,SC
Sean,Daniel,47,Female,8/4/1968,Uceufaom,OH
Justin,Mann,46,Female,2/10/1987,Anhuiwe,DE
Brian,Bass,29,Male,6/28/1992,Kaboghan,AL
Myrtie,Pearson,38,Female,8/5/2003,Gotupti,NH
Duane,Newman,40,Female,8/15/1973,Simaweha,ME
Landon,Lowe,24,Female,10/18/1989,Gadove,AR
Phoebe,Pope,49,Male,7/27/2002,Ifjabfaz,NJ
Genevieve,Frank,45,Male,8/9/1972,Jizkekimi,AZ
Alice,Banks,59,Female,5/28/1968,Funalte,PA
Bernard,Cortez,27,Male,10/6/1989,Imazuela,MI
Harold,Murray,35,Female,3/11/1986,Upjami,OR
Ralph,Doyle,55,Female,7/4/1985,Gehujla,CO
Lottie,Castro,64,Male,7/17/1991,Limluzsuk,NE
Dustin,Singleton,51,Female,12/22/1977,Tijizlo,IL
Kevin,Glover,22,Male,8/17/1979,Gozekifa,OR
Rosalie,Ford,47,Male,6/22/1996,Tusfemaj,WA
Connor,Fernandez,37,Female,12/23/1998,Fizwotdi,NH
Cordelia,Spencer,21,Male,4/21/2003,Lopoej,TN
Joel,Riley,37,Male,10/8/1968,Ocikwa,WI
Martin,Black,52,Female,8/22/1985,Elzupana,MO
Justin,Byrd,47,Male,6/5/1979,Palrebju,MA
Clayton,Wood,43,Male,6/29/1991,Ivvoke,DE
Vincent,May,20,Female,8/25/1996,Suhiob,IN
Ola,Santos,32,Male,6/17/1964,Esnuto,IN
Rosalie,Richardson,32,Female,4/13/1994,Dewoczo,NE
Melvin,Martinez,19,Male,12/11/2002,Bonrasku,GA
Marc,Williams,43,Female,12/6/1957,Ovdewru,PA
Georgie,Curtis,55,Male,10/11/1979,Otzoga,HI
Harriet,Lindsey,35,Female,2/17/1966,Woinebav,NC
Ivan,Franklin,34,Male,10/11/2004,Ehulamne,ME
Ophelia,Elliott,51,Female,5/20/1966,Ijuipka,MN
Jerry,Cortez,52,Female,6/28/1973,Ciserela,NE
Hallie,Higgins,51,Female,4/21/1997,Nushoddaz,WY
Eula,Byrd,31,Female,8/3/1975,Wotlecece,NV
Jeff,Walton,53,Male,9/25/2003,Ficomep,TX
Effie,Campbell,44,Female,12/16/1965,Gaenaoco,MN
Loretta,Barrett,53,Male,5/25/1992,Wizopozo,VT
Andre,Poole,20,Male,9/3/1978,Buhotiji,ND
Samuel,Gill,41,Female,5/26/1994,Liholbuf,WY
Olivia,Harris,19,Female,5/24/1995,Foluhior,IL
Gavin,Gomez,53,Male,4/27/1979,Picoba,LA
James,Lawson,27,Male,11/5/1985,Hizagma,FL
Ann,French,18,Female,10/12/1964,Uhzazhi,FL
Ian,Wright,56,Male,3/20/2001,Bujottet,OH
Mason,Maxwell,57,Female,9/3/1957,Hujrivmif,WA
Isaiah,Austin,64,Female,10/23/1977,Cibwihap,NJ
Christina,Phillips,36,Female,2/14/1968,Masavzo,MT
Florence,Harper,39,Female,7/14/2003,Hufeofu,DC
Alberta,Newman,33,Male,2/27/1998,Onazmu,GA
Clifford,Torres,56,Male,4/12/1964,Jufiklah,MN
Nannie,Joseph,21,Male,7/13/1998,Cepere,OK
Darrell,Coleman,51,Male,8/28/1983,Enmate,KY
Harriett,Cook,30,Male,11/20/1990,Egdikvo,AR
Betty,Evans,18,Male,5/19/1967,Fohvadis,TN
Georgie,Diaz,61,Male,10/5/1962,Tohsego,AL
Pearl,Carroll,22,Male,2/9/1972,Vifejopo,MD
Agnes,Guerrero,37,Male,9/17/1967,Afkebwod,TN
Louisa,Pratt,29,Male,12/8/1968,Kazibiko,TN
Seth,King,49,Female,3/2/1964,Obobihol,NC
Isabelle,Fields,55,Male,3/19/2003,Pugdivon,OR
Isaac,Hammond,20,Female,11/3/1964,Nophemeh,WY
Floyd,Schwartz,40,Female,9/15/1961,Bihepkol,DC
Jayden,Waters,38,Female,8/19/1979,Vowtasi,AR
Bobby,Gross,24,Male,5/24/1981,Bowavoz,LA
Willie,Stanley,22,Female,10/30/1981,Vehfiawe,TX
Lester,McDonald,46,Female,9/7/1962,Sinhonih,VT
Carolyn,Cohen,31,Female,10/23/2001,Pozozi,IN
Micheal,Reynolds,65,Female,7/9/1966,Kuferi,MN
Myrtie,Graham,27,Male,11/7/1987,Siggopov,NJ
Sophie,Erickson,60,Male,12/14/1964,Nidkaruh,KS
Susie,Ross,55,Male,11/5/2003,Cilaza,MT
Rhoda,Roberson,38,Male,10/25/2001,Amlaod,ME
Ola,Newman,54,Male,6/28/2003,Wihbojwa,TN
Mayme,Phelps,45,Female,9/5/1976,Idecorez,NC
Logan,Harper,21,Female,12/19/1966,Ruduhmep,CT
Elmer,Day,23,Male,8/10/1977,Melenfag,HI
Kate,Allen,60,Female,12/26/1969,Ihanoaz,CO
Lloyd,Reid,32,Female,1/13/1973,Dasargi,IA
Micheal,Kelley,61,Female,6/30/1957,Hiploto,WY
Estelle,Wong,51,Male,10/11/1986,Ciruep,TX
Mark,Taylor,24,Male,1/13/1988,Wijbojpa,NH
Linnie,Brady,57,Female,11/26/1992,Fegjahek,OR
Marcus,Carson,59,Female,12/15/1979,Tagamwur,NC
Herbert,Alvarado,34,Male,6/30/2003,Duzafoz,GA
Theodore,Walsh,57,Female,9/28/1977,Covlupduh,TN
Ollie,Luna,60,Male,12/3/1990,Cemidame,NV
Sam,Lane,27,Male,10/5/1963,Tawiwe,MN
Susan,Grant,45,Male,7/22/1961,Ahfovu,WY
Herbert,Ferguson,64,Male,3/14/1982,Cajozu,NH
Luis,Ferguson,59,Female,7/4/1986,Ukvolap,WY
Christian,Roy,25,Female,7/28/1972,Ruwudok,MT
Milton,Perry,65,Female,11/21/1993,Uzlubom,DE
Elva,Luna,34,Female,10/7/1983,Fedfici,WV
John,Reed,41,Male,2/1/1959,Sidhanora,WV
Joshua,Warren,46,Male,10/24/1997,Vihiuk,DE
Agnes,Howard,43,Male,1/25/1962,Muvehoz,ID
Edna,Rose,27,Female,6/23/1979,Sopusuzuw,ID
Sadie,Page,53,Male,9/15/1965,Kafukaciz,CT
Genevieve,Romero,20,Female,11/21/1991,Dotorcun,OR
Mattie,Richardson,36,Female,9/2/1985,Lotufwaf,MA
Larry,Gill,39,Male,11/7/2002,Fuetpig,ME
Cory,Myers,18,Female,6/1/1997,Cenfaob,FL
Sara,Bradley,43,Male,7/5/1986,Jaztejuha,MO
Hulda,Rhodes,34,Female,6/5/1971,Kofsusa,LA
Thomas,Vargas,38,Male,8/14/1964,Zaapbi,NE
Winifred,Bowen,50,Male,6/27/2004,Ecmavun,IN
Alma,West,51,Male,6/2/1990,Cugzetdes,ND
Olive,Wilkerson,63,Female,7/26/1959,Bififiwam,MI
Keith,Gonzales,53,Female,1/23/1981,Movdunjer,WV
Leo,Soto,61,Male,11/22/2004,Dalajbu,MT
Lettie,Campbell,31,Male,2/9/1999,Ocohoru,CA
Matthew,Fitzgerald,40,Female,5/19/1998,Tadebwe,NJ
Alvin,Barber,52,Female,5/18/1994,Vutdesho,MT
Alice,Carlson,23,Male,10/10/1968,Isbutbu,CO
Corey,Long,35,Male,10/19/1966,Fericenes,MI
Georgie,Buchanan,20,Male,7/8/2001,Ivetufef,KS
Pauline,Reeves,26,Female,6/23/1981,Fapabel,LA
Willie,Gibbs,31,Female,7/14/1974,Isiipwis,MO
Travis,Bradley,43,Female,12/1/1998,Jaezodi,WA
Sallie,Reid,63,Male,4/6/1965,Kefmicul,IL
Jeff,Lopez,53,Male,1/11/1999,Bugsodam,TN
Beatrice,Palmer,58,Female,7/15/1985,Farsezsib,OK
Cole,McCoy,41,Male,11/11/1979,Baluvga,OK
Warren,Phillips,61,Male,1/27/1993,Livdiboli,CO
Elnora,Montgomery,54,Male,8/30/2003,Digusbu,MS
Willie,Summers,44,Female,5/7/1993,Nebrohde,MT
Teresa,Baldwin,31,Male,3/2/1959,Zeforisi,UT
Manuel,Dennis,44,Male,8/30/1997,Vunbihe,GA
Mittie,Anderson,34,Male,3/28/1969,Zulafnot,VT
Roxie,Barrett,55,Male,4/17/2004,Tehajobo,WI
Clayton,Pena,36,Male,7/16/1990,Ujvihez,AR
Landon,Owens,50,Female,8/31/1984,Ikojove,NH
Nannie,Cummings,46,Female,9/30/1973,Bowcefem,TN
Mark,Robinson,40,Female,5/26/1988,Dasuwda,CT
Alvin,Edwards,49,Female,1/3/1997,Otrahof,RI
Madge,Gross,47,Male,1/7/1977,Wahvutige,AR
Martha,Walsh,57,Male,2/7/1976,Movoag,IN
Dennis,Swanson,40,Female,1/2/1992,Dopuwo,MA
Tom,Colon,41,Female,3/9/1993,Opwerone,WY
Shane,Lowe,49,Male,6/13/2002,Vounnaj,UT
Connor,Tucker,54,Female,7/25/1991,Vilovti,AR
Ernest,Lawrence,35,Female,10/19/1977,Hesesi,WY
Sallie,Wise,29,Male,2/10/1966,Cojavvel,NC
Carolyn,Valdez,62,Female,10/14/1984,Kudcervu,AK
Herman,Curtis,48,Female,3/15/2003,Usjekuf,TN
Miguel,Brock,22,Female,6/17/2000,Zoitman,DE
Bettie,Fernandez,26,Male,9/13/1992,Lavolaz,KS
Jimmy,Sharp,46,Male,6/29/1996,Nisupumaj,VT
Jonathan,Martinez,45,Female,2/8/1991,Peweun,AZ
Julian,Hill,45,Female,8/30/1963,Pezuopo,MD
Fred,Pittman,64,Female,6/5/2001,Mumogaj,ME
Allie,Butler,24,Female,10/18/1981,Jalopdi,WI
Lilly,Jacobs,23,Female,9/1/1997,Meansi,WA
Gregory,Castro,59,Male,2/3/1984,Vekiprap,WA
Patrick,Gibbs,41,Male,11/19/1994,Riidocon,MT
Sallie,Rhodes,43,Female,4/30/1997,Wejolepo,GA
Jorge,Burton,61,Male,3/15/1972,Ozhocgor,ND
Janie,Ford,33,Male,7/29/2003,Isohifu,NJ
Barbara,Cross,60,Male,9/17/1968,Cusbucpe,UT
Olga,Roberts,44,Female,6/2/1993,Iwilukone,ND
Vernon,Pena,22,Male,12/14/1990,Ripnarlo,FL
Lucy,Atkins,58,Female,1/3/1972,Zeiwubi,NE
Ronnie,Figueroa,27,Male,7/11/1999,Anukufip,LA
Hettie,Byrd,54,Female,3/2/1963,Erlomlej,LA
Millie,Rowe,41,Female,2/24/1993,Pocvokac,SC
Owen,Bates,50,Male,7/23/1998,Ledciwoc,FL
Lida,Sims,64,Male,2/25/1957,Tuzojkop,MA
Nina,Bridges,32,Female,12/3/1979,Cuojikur,SD
Darrell,Matthews,18,Male,5/19/1984,Bebondep,TX
Don,Foster,27,Female,12/30/2002,Hodoguci,MD
Lucas,Brooks,50,Male,5/31/1958,Javduwgoz,WI
Mattie,Mathis,40,Male,2/11/1995,Masoze,NJ
Theodore,Knight,39,Male,9/5/1994,Wopuhba,AR
Micheal,Allison,23,Male,10/26/1989,Hofibgu,MN
Seth,Fernandez,45,Female,9/13/1985,Fakgadoz,NH
Flora,Saunders,53,Female,1/2/1972,Calerfi,MA
Henry,Burke,51,Female,7/14/1983,Puprego,NH
Mollie,Powers,18,Male,3/20/2001,Kebkodfip,SD
Jonathan,McGee,57,Male,6/27/1970,Seldari,KY
Ida,Cook,49,Female,3/12/1999,Wuvpeva,NV
Jimmy,Frank,38,Male,8/22/1989,Vitdevlu,ND
Minerva,Adams,27,Female,11/22/1963,Kidejo,OK
Craig,Gregory,58,Male,6/15/1989,Gahusceh,MA
Christina,Peters,53,Female,2/12/1976,Huduwjuf,ME
Adeline,Lee,29,Female,11/20/1967,Mewolecoj,TN
Jesus,Howard,20,Male,2/20/1999,Cemadod,NY
Laura,Gibson,51,Male,10/27/1957,Tuvomwo,UT
Essie,Walker,53,Male,8/30/1996,Emfieni,LA
Eugene,Walters,28,Male,6/4/1988,Miifijav,FL
Dustin,Thornton,50,Male,12/20/1992,Lewzupguz,CA
Sean,Jenkins,20,Male,7/30/2002,Anuodeju,NH
Evelyn,Lynch,23,Male,1/17/1958,Opolare,RI
Corey,Welch,38,Female,9/6/1979,Lijiknej,MD
Irene,Cole,44,Male,6/13/1975,Kozzirag,NM
Derrick,Harmon,61,Female,5/4/1978,Udcokfa,AZ
Jennie,Higgins,24,Male,7/11/1975,Babrolo,AZ
Ada,Greene,31,Female,8/5/2003,Hikukcip,WI
Edgar,Clarke,44,Female,3/15/1976,Buzfovezi,MS
Carlos,Klein,18,Female,5/21/1966,Ilomefmi,PA
Susie,McBride,28,Male,3/26/1985,Rarlukvik,VT
Jennie,Wong,56,Female,1/9/1991,Ijaofenu,WA
Josephine,Haynes,36,Male,1/25/1987,Afosofne,WA
Jennie,Hopkins,18,Female,1/12/1972,Kasposu,TN
Polly,Tucker,28,Female,10/27/1966,Ummorge,RI
Mary,Santos,51,Female,1/15/1972,Junatuj,KY
Steven,Gilbert,47,Male,1/14/2002,Ebevopak,SC
Dean,Gordon,26,Male,10/23/1973,Nojiglur,MO
Barbara,Nash,26,Male,3/12/1965,Fudose,WV
Alejandro,Garrett,22,Male,7/3/1966,Duwaldez,NH
Jonathan,Lopez,30,Male,1/19/1988,Webakhil,IL
Jim,Hall,52,Male,11/27/1980,Bokimi,WY
Eleanor,Gomez,42,Female,10/11/1968,Jivsesol,IN
Marian,Townsend,25,Female,3/19/1999,Zidceel,UT
Jean,Schmidt,18,Male,2/26/1982,Vukehod,OR
Lola,May,28,Female,4/21/1986,Inucipa,NH
Steven,Benson,50,Male,8/11/1996,Jazrope,SC
Andrew,Morton,65,Male,8/11/1983,Irolaiw,NY
Ella,Rodriquez,50,Female,9/23/1968,Ojripaf,HI
Derek,Jimenez,56,Female,6/15/1970,Avkohoga,KS
Lawrence,Underwood,44,Female,10/20/1974,Wetocef,TN
Jack,Lambert,45,Female,3/1/1963,Wodarda,CT
Adeline,Nichols,52,Female,12/5/1987,Havikic,AK
Angel,Guerrero,25,Female,7/2/1993,Feagaav,UT
Mitchell,Brewer,37,Female,10/4/1992,Semlenu,FL
Leah,Swanson,43,Female,9/13/1964,Penoak,NH
Jeff,Norman,51,Male,10/11/1959,Sukzuzsam,NE
Russell,Franklin,37,Male,1/15/1983,Peweeno,MO
Arthur,Arnold,37,Male,10/15/1990,Piezisir,NE
Caleb,Martin,35,Male,3/10/1966,Cuheka,OH
Elnora,Jennings,35,Female,3/3/1994,Icipuwa,NC
Lina,Fuller,62,Male,10/5/1998,Biwkufu,ME
Donald,Houston,19,Female,3/9/1991,Sojwibi,AK
Roger,Adkins,29,Male,10/6/1959,Tubdotgec,AL
Mario,Holland,48,Female,2/16/1999,Uvnepni,CT
Bobby,Harrington,41,Male,7/30/1966,Bovororok,NY
Kevin,Wells,52,Female,8/17/1967,Zinjisbap,VA
Celia,Sims,38,Female,3/2/1996,Okiezjih,KY
Ola,Snyder,49,Female,2/12/1990,Repkego,VT
Lawrence,Davidson,50,Male,1/4/2001,Pirrekgel,NH
Ruth,Harris,29,Female,2/19/1997,Mofikin,NY
Alan,Price,41,Female,11/17/1992,Pacwuali,RI
Estella,Murphy,32,Male,4/18/1987,Cormuara,AR
Elijah,Harris,35,Male,10/6/1998,Zafabomig,HI
Paul,Robertson,51,Male,9/17/1962,Ursupiv,CO
Eleanor,Alvarado,61,Male,8/28/2003,Solozij,WY
Eunice,Kennedy,63,Male,2/1/1973,Jusavel,FL
Betty,Alvarado,32,Male,11/15/1990,Ameunabeg,WV
Nelle,Evans,19,Male,4/30/1958,Follafo,CT
Allen,Alvarez,46,Female,5/27/1977,Duklohred,NJ
Michael,Hodges,21,Female,8/4/1996,Ejzobza,KY
Barry,Powers,64,Female,8/3/1984,Lijoaha,ND
Claudia,Erickson,53,Female,1/7/1981,Jovjubib,SC
Maud,Hampton,44,Male,7/19/1998,Cetucanos,MN
Margaret,Gibson,25,Female,4/7/1960,Wellafcun,SC
Sean,Rogers,22,Male,5/9/1976,Kosiloko,ME
Willie,Garrett,27,Female,5/2/1988,Sagnivbas,CO
Celia,Klein,50,Female,11/3/1958,Nozoip,ND
Chester,Dean,29,Male,2/8/1981,Itgujco,NM
Francisco,Johnston,34,Male,2/13/2003,Kisohiso,VA
Bernice,McCarthy,57,Female,5/9/1957,Nachuvi,NY
Paul,Goodman,42,Female,11/22/1986,Oggehin,VA
Lucinda,Oliver,33,Male,12/20/1999,Sugsinos,PA
Evan,Cole,44,Male,2/22/1970,Lijofko,WI
Harvey,Moody,36,Female,5/5/1970,Jakkejgi,MI
Hallie,Massey,51,Female,12/4/1976,Nozetze,VA
Margaret,Cruz,56,Male,10/16/1967,Tijotol,MI
Hattie,Wolfe,20,Female,6/3/1971,Bofkido,ND
Mae,Jimenez,37,Female,9/10/1986,Zeboesa,MO
Cole,Carr,46,Female,8/7/1993,Urkuzi,MT
Kate,Bush,53,Female,10/28/1992,Ejipfep,NC
Noah,Duncan,39,Male,12/22/1992,Feshekruv,ND
Christopher,Casey,36,Male,8/28/1993,Poceso,NV
Charlotte,Chapman,43,Male,7/18/1959,Wortibfig,MS
Ivan,Dawson,50,Female,6/28/1961,Nefukihas,NC
Francis,Garner,41,Male,8/5/1983,Hupauru,WY
Georgia,McLaughlin,23,Male,9/24/1968,Mobotugi,TN
Sylvia,Graves,51,Female,7/24/1975,Legwowo,DE
Lora,Alexander,29,Male,11/12/1990,Ferkujo,ME
Luella,Abbott,33,Male,6/18/1965,Jevomefop,SD
Shane,Glover,20,Male,9/6/2004,Abedja,AZ
Phillip,Tucker,33,Female,1/24/1970,Adimevsa,IL
Chase,Buchanan,46,Male,1/14/1970,Jamjemi,NJ
Blake,Wood,23,Female,3/26/1993,Ruagsiv,ID
Erik,Chavez,43,Male,8/17/1987,Vilholuj,TX
Harriett,Warner,54,Female,7/29/1984,Sucigwaw,TN
Lilly,Roberts,43,Female,5/19/2004,Wepsoav,DE
Harriet,West,19,Female,1/29/1999,Esovocej,OH
Edwin,Rowe,48,Female,12/16/2003,Vugzetvez,DE
Lina,Douglas,43,Male,1/19/1975,Hortimha,FL
Anthony,Roy,48,Female,11/9/2001,Olaloko,NM
May,Reese,21,Male,4/17/1988,Subnukic,NJ
William,Hodges,18,Female,7/29/1970,Unoadara,OR
Zachary,Griffin,61,Male,6/17/1989,Ojannif,OR
Harry,Blake,25,Male,6/22/1995,Laolide,NM
Marvin,Tucker,25,Male,8/24/2001,Duccejkuj,HI
Callie,Rios,40,Male,8/23/1985,Napvufwan,NE
Leah,Rios,55,Female,9/10/2000,Zufaju,RI
Sarah,Dawson,37,Female,10/24/1985,Wetova,MS
Nicholas,Santiago,22,Female,1/31/1992,Radniuri,NC
Jose,Reynolds,61,Female,4/3/1961,Sinebli,AL
Kathryn,Frazier,57,Female,11/6/1959,Wutovbub,WV
Viola,Frank,47,Male,3/25/1979,Tevbivij,MD
Christina,Frank,48,Male,7/15/1978,Cojhihen,MA
Roxie,Wheeler,54,Female,4/24/1967,Ohowjur,MS
Clayton,Powers,26,Male,10/18/1990,Uzibaomi,SD
Leila,McCarthy,23,Male,9/22/1999,Azvohdek,VT
Jeanette,Craig,21,Female,3/30/1997,Bogudkop,MN
Beatrice,Walsh,55,Male,6/6/1962,Ledwozo,TN
Hettie,Harper,56,Male,3/13/1995,Ribeco,DE
Marcus,Castro,34,Female,2/3/1967,Kipuri,WI
Nell,Bennett,63,Female,11/23/1977,Uhkive,RI
Jeffrey,Harrington,18,Female,7/28/2000,Ezavusce,KS
Lena,Pierce,37,Female,9/17/1991,Suebusaw,LA
Maude,Garner,22,Female,2/17/1974,Zapuraw,MS
Barry,Curry,34,Female,2/24/1970,Tuhamiw,AK
Linnie,Abbott,40,Female,1/12/1964,Kaditude,ND
Lewis,Wagner,29,Male,7/18/1960,Bumboni,MS
Frederick,Reese,41,Male,8/30/1976,Wiholi,OH
Bobby,Gray,21,Male,11/5/1989,Dipnupi,NJ
Logan,Crawford,23,Female,11/4/1991,Vinpomze,UT
Inez,Guerrero,18,Female,6/13/1988,Tithijbib,NV
Adele,Bowman,20,Male,10/15/1962,Ujraet,GA
Joseph,Moreno,42,Female,7/9/2004,Cozrizdin,MA
Charlotte,Wood,22,Male,4/12/1990,Amopuum,TX
Bruce,Holmes,62,Female,2/24/1967,Assumuz,MA
Phillip,Parsons,49,Male,4/10/1979,Wenumin,SD
Harry,Frazier,41,Female,3/14/1989,Icohazav,OK
Elva,Stevenson,57,Male,8/12/1961,Seisura,UT
John,Conner,62,Male,12/22/1969,Luputbec,CO
Pauline,Williamson,64,Female,7/2/1978,Widevuka,UT
Christopher,Dixon,23,Male,2/22/2002,Cucbufvog,ND
Estelle,Hicks,41,Female,11/3/1998,Taokofa,DC
Lura,Chambers,35,Male,7/25/1977,Tirunek,NM
Barbara,Walker,20,Male,7/11/1983,Ziwareg,CA
Gilbert,Wilson,44,Female,10/29/1973,Dujreedo,VA
Chad,Pearson,19,Female,6/5/1987,Bonnata,DC
Lura,West,50,Female,1/23/1967,Idapofeb,SD
Edward,Glover,21,Male,1/18/1995,Uvkies,KY
Lawrence,Hardy,57,Female,1/27/1970,Mogvecu,FL
Martin,Shelton,42,Male,5/10/2002,Ugalivweg,AL
Mattie,Knight,20,Female,9/15/1969,Jumehe,SD
Chester,Medina,65,Female,11/14/2004,Otumihec,MD
Randall,Wolfe,19,Female,1/17/1966,Cijaroros,ID
Gordon,Pittman,32,Female,4/6/1973,Facouj,DE
Lester,Rios,50,Female,3/30/1987,Rouremod,SD
Ophelia,Burke,24,Female,7/4/1997,Notnicig,MO
Keith,Alexander,55,Male,10/16/1969,Tirreciba,NV
Minnie,Wallace,57,Male,10/25/1982,Visosetuc,OR
Viola,Collier,47,Male,9/25/1996,Habsivwa,WY
Olive,Henderson,54,Female,12/8/1971,Epesoho,VT
Lou,Swanson,37,Male,12/11/1961,Bursawcof,TN
Gabriel,Johnson,27,Female,9/14/1960,Zetafolej,TN
Wesley,Morton,19,Female,1/28/1988,Ocuetsar,CO
Jacob,Flores,52,Female,3/29/1967,Hucaktig,IL
Rebecca,Olson,32,Male,8/9/1989,Saivesuk,CA
Carrie,Brewer,22,Female,1/9/1961,Riwatce,CO
Louis,Sims,44,Female,11/24/1973,Rukmoav,NE
Christina,Myers,19,Female,7/31/1998,Vulsiki,SD
Franklin,Newman,63,Female,12/9/1983,Mudisig,MT
Christopher,Terry,25,Female,7/27/1971,Obgotbug,MN
Georgie,Romero,59,Male,8/14/1971,Mazeno,UT
Adele,Schultz,25,Male,12/24/1986,Tovumdir,MA
Luis,Kelly,58,Female,6/17/1967,Ujfisbim,MS
Georgie,Townsend,56,Male,1/22/2001,Inkivde,MS
Jesus,Curry,39,Male,12/19/1968,Tiveribel,VA
Fanny,Castro,27,Male,7/18/1960,Cakugge,IN
Jane,Fisher,29,Female,11/27/1960,Gilrebem,HI
Ruby,Watts,39,Female,12/4/2004,Jucasi,VA
Mayme,Gray,24,Male,6/16/2000,Buatpij,ND
Elijah,Padilla,41,Male,9/8/1994,Jigidbi,MS
Carrie,Garcia,62,Female,2/24/1977,Pizokcil,ME
Theresa,Brady,54,Female,6/22/1975,Zuijici,PA
Owen,Saunders,62,Female,9/7/2002,Zetecev,OK
Bettie,Jordan,24,Female,10/31/1984,Cupwear,IL
Myra,Bryan,57,Male,4/29/1985,Bivdoroh,FL
Willie,Hines,52,Male,7/25/1964,Mazwokvuh,OR
Daniel,Fernandez,46,Male,2/27/1970,Isoroic,MI
Cory,Gibbs,31,Male,6/29/1985,Fauvta,NM
Gabriel,Mendoza,55,Male,3/9/1973,Fatekvi,SC
Lura,Moreno,36,Male,1/28/1967,Corrikben,ME
Jeffrey,Stanley,30,Male,8/13/1958,Otulijhi,WA
Harry,Davidson,28,Male,5/7/1970,Vihimof,MI
